<?xml version="1.0" encoding="UTF-8"?><?xml-stylesheet type='text/xsl' href='_UpgradeReport_Files/UpgradeReport.xslt'?><UpgradeLog>
<Properties><Property Name="Solution" Value="delegatechaining">
</Property><Property Name="Solution File" Value="E:\Pankaj Laptop BkUp\Pankaj Data\CSharp Demos\CSharpDemosForLecture\DelegatesAndEvents\delegatechaining\delegatechaining.sln">
</Property><Property Name="Date" Value="10 April 2014">
</Property><Property Name="Time" Value="14:12:04">
</Property></Properties><Event ErrorLevel="0" Project="delegatechaining" Source="delegatechaining.csproj" Description="Project file successfully backed up as E:\Pankaj Laptop BkUp\Pankaj Data\CSharp Demos\CSharpDemosForLecture\DelegatesAndEvents\delegatechaining\Backup\delegatechaining.csproj">
</Event><Event ErrorLevel="0" Project="delegatechaining" Source="Program.cs" Description="File successfully backed up as E:\Pankaj Laptop BkUp\Pankaj Data\CSharp Demos\CSharpDemosForLecture\DelegatesAndEvents\delegatechaining\Backup\Program.cs">
</Event><Event ErrorLevel="0" Project="delegatechaining" Source="Properties\AssemblyInfo.cs" Description="File successfully backed up as E:\Pankaj Laptop BkUp\Pankaj Data\CSharp Demos\CSharpDemosForLecture\DelegatesAndEvents\delegatechaining\Backup\Properties\AssemblyInfo.cs">
</Event><Event ErrorLevel="0" Project="delegatechaining" Source="delegatechaining.csproj" Description="Project converted successfully">
</Event><Event ErrorLevel="3" Project="delegatechaining" Source="delegatechaining.csproj" Description="Converted">
</Event><Event ErrorLevel="0" Project="delegatechaining" Source="delegatechaining.csproj" Description="Scan complete: Upgrade not required for project files.">
</Event></UpgradeLog>