<?xml version="1.0" encoding="UTF-8"?><?xml-stylesheet type='text/xsl' href='_UpgradeReport_Files/UpgradeReport.xslt'?><UpgradeLog>
<Properties><Property Name="Solution" Value="covariance">
</Property><Property Name="Solution File" Value="D:\Pankaj Laptop BkUp\Pankaj Data\CSharp Demos\CSharpDemosForLecture\DelegatesAndEvents\covariance\covariance.sln">
</Property><Property Name="Date" Value="15 April 2013">
</Property><Property Name="Time" Value="13:51:14">
</Property></Properties><Event ErrorLevel="0" Project="covariance" Source="covariance.csproj" Description="Project file successfully backed up as D:\Pankaj Laptop BkUp\Pankaj Data\CSharp Demos\CSharpDemosForLecture\DelegatesAndEvents\covariance\Backup\covariance.csproj">
</Event><Event ErrorLevel="0" Project="covariance" Source="Program.cs" Description="File successfully backed up as D:\Pankaj Laptop BkUp\Pankaj Data\CSharp Demos\CSharpDemosForLecture\DelegatesAndEvents\covariance\Backup\Program.cs">
</Event><Event ErrorLevel="0" Project="covariance" Source="Properties\AssemblyInfo.cs" Description="File successfully backed up as D:\Pankaj Laptop BkUp\Pankaj Data\CSharp Demos\CSharpDemosForLecture\DelegatesAndEvents\covariance\Backup\Properties\AssemblyInfo.cs">
</Event><Event ErrorLevel="0" Project="covariance" Source="covariance.csproj" Description="Project converted successfully">
</Event><Event ErrorLevel="3" Project="covariance" Source="covariance.csproj" Description="Converted">
</Event><Event ErrorLevel="0" Project="covariance" Source="covariance.csproj" Description="Scan complete: Upgrade not required for project files.">
</Event></UpgradeLog>