<?xml version="1.0" encoding="UTF-8"?><?xml-stylesheet type='text/xsl' href='_UpgradeReport_Files/UpgradeReport.xslt'?><UpgradeLog>
<Properties><Property Name="Solution" Value="asynchronousdelegates">
</Property><Property Name="Solution File" Value="E:\Pankaj Laptop BkUp\Pankaj Data\CSharp Demos\CSharpDemosForLecture\DelegatesAndEvents\asynchronousdelegates\asynchronousdelegates.sln">
</Property><Property Name="Date" Value="10 April 2014">
</Property><Property Name="Time" Value="15:14:29">
</Property></Properties><Event ErrorLevel="0" Project="asynchronousdelegates" Source="asynchronousdelegates.csproj" Description="Project file successfully backed up as E:\Pankaj Laptop BkUp\Pankaj Data\CSharp Demos\CSharpDemosForLecture\DelegatesAndEvents\asynchronousdelegates\Backup\asynchronousdelegates.csproj">
</Event><Event ErrorLevel="0" Project="asynchronousdelegates" Source="Program.cs" Description="File successfully backed up as E:\Pankaj Laptop BkUp\Pankaj Data\CSharp Demos\CSharpDemosForLecture\DelegatesAndEvents\asynchronousdelegates\Backup\Program.cs">
</Event><Event ErrorLevel="0" Project="asynchronousdelegates" Source="Properties\AssemblyInfo.cs" Description="File successfully backed up as E:\Pankaj Laptop BkUp\Pankaj Data\CSharp Demos\CSharpDemosForLecture\DelegatesAndEvents\asynchronousdelegates\Backup\Properties\AssemblyInfo.cs">
</Event><Event ErrorLevel="0" Project="asynchronousdelegates" Source="asynchronousdelegates.csproj" Description="Project converted successfully">
</Event><Event ErrorLevel="3" Project="asynchronousdelegates" Source="asynchronousdelegates.csproj" Description="Converted">
</Event><Event ErrorLevel="0" Project="asynchronousdelegates" Source="asynchronousdelegates.csproj" Description="Scan complete: Upgrade not required for project files.">
</Event></UpgradeLog>